{"cameraMode":{"drawMode":0,"name":"Shaded","section":"Shading Mode"},"sceneLighting":true,"audioPlay":false,"sceneViewState":{"showFog":false,"showMaterialUpdate":false,"showSkybox":false,"showFlares":false,"showImageEffects":false,"showParticleSystems":false},"in2DMode":false,"pivot":{"x":-3.439910888671875,"y":-5.441008567810059,"z":20.3498477935791},"rotation":{"x":-0.15667350590229035,"y":0.07753817737102509,"z":-0.012338833883404732,"w":-0.9845247864723206},"size":22.00215721130371,"orthographic":false}